{
    "name": "custom-select-menu",
    "title": "Custom Select Menu jQuery Plugin",
    "description": "A jQuery Plugin that allows you to create custom select menus.",
    "keywords": [
        "form"
    ],
    "version": "1.0.3",
    "author": {
        "name": "Derek P. Collins",
        "url": "https://github.com/derekpcollins"
    },
    "licenses": [
        {
            "type": "CC BY-SA 3.0",
            "url": "http://creativecommons.org/licenses/by-sa/3.0/"
        }
    ],
    "bugs": "https://github.com/derekpcollins/jquery-custom-select-menu/issues",
    "homepage": "https://github.com/derekpcollins/jquery-custom-select-menu",
    "docs": "https://github.com/derekpcollins/jquery-custom-select-menu/blob/master/README.md",
    "demo": "http://derekpcollins.com/jquery-custom-select-menu",
    "dependencies": {
        "jquery": ">=1.8"
    }
}